<?xml version="1.0" encoding="UTF-8"?>
<ti:app xmlns:ti="http://ti.appcelerator.org">
    <id>com.hamasyou</id>
    <name>snsnet</name>
    <version>1.0</version>
    <publisher>hamasyou</publisher>
    <url>http://</url>
    <description>not specified</description>
    <copyright>2014 by hamasyou</copyright>
    <icon>appicon.png</icon>
    <fullscreen>false</fullscreen>
    <navbar-hidden>false</navbar-hidden>
    <analytics>true</analytics>
    <guid>749b688a-dc5e-4308-badd-d1013baaf13e</guid>
    <property name="ti.ui.defaultunit" type="string">dp</property>
    <property name="ti.android.bug2373.finishfalseroot" type="bool">true</property>
    <ios>
        <plist>
            <dict>
                <key>UISupportedInterfaceOrientations~iphone</key>
                <array>
                    <string>UIInterfaceOrientationPortrait</string>
                </array>
                <key>UISupportedInterfaceOrientations~ipad</key>
                <array>
                    <string>UIInterfaceOrientationPortrait</string>
                    <string>UIInterfaceOrientationPortraitUpsideDown</string>
                    <string>UIInterfaceOrientationLandscapeLeft</string>
                    <string>UIInterfaceOrientationLandscapeRight</string>
                </array>
                <key>UIRequiresPersistentWiFi</key>
                <false/>
                <key>UIPrerenderedIcon</key>
                <false/>
                <key>UIStatusBarHidden</key>
                <false/>
                <key>UIStatusBarStyle</key>
                <string>UIStatusBarStyleDefault</string>
            </dict>
        </plist>
    </ios>
    <android xmlns:android="http://schemas.android.com/apk/res/android">
        <manifest>
          <application android:icon="@drawable/appicon" android:label="snsnet" android:name="SnsnetApplication" android:debuggable="false">
            <activity android:name=".SnsnetActivity" android:label="@string/app_name" android:theme="@style/Theme.Titanium" android:configChanges="keyboardHidden|orientation|screenSize">
              <intent-filter>
                <action android:name="android.intent.action.MAIN"/>
                <category android:name="android.intent.category.LAUNCHER"/>
              </intent-filter>
            </activity>
            <!-- SNS 連携用の Activity を作って処理させる -->
            <!--  http://wada811.blogspot.com/2014/01/android-twitter-oauth.html -->
            <activity android:launchMode="singleTask" android:name=".SnsAuthActivity">
                <intent-filter>
                    <action android:name="android.intent.action.VIEW"/>
                    <category android:name="android.intent.category.DEFAULT"/>
                    <category android:name="android.intent.category.BROWSABLE"/>
                    <data android:scheme="snsnet"/>
                </intent-filter>
            </activity>
          </application>
      </manifest>
    </android>
    <mobileweb>
        <precache/>
        <splash>
            <enabled>true</enabled>
            <inline-css-images>true</inline-css-images>
        </splash>
        <theme>default</theme>
    </mobileweb>
    <modules/>
    <deployment-targets>
        <target device="android">true</target>
        <target device="blackberry">false</target>
        <target device="ipad">true</target>
        <target device="iphone">true</target>
        <target device="mobileweb">false</target>
        <target device="tizen">false</target>
    </deployment-targets>
    <sdk-version>3.2.3.GA</sdk-version>
    <plugins>
        <plugin version="1.0">ti.alloy</plugin>
    </plugins>
</ti:app>
